bit;kilobyte
1;0.000125
2;0.00025
3;0.000375
4;0.0005
5;0.000625
10;0.00125
15;0.001875
20;0.0025
25;0.003125
30;0.00375
35;0.004375
40;0.005
45;0.005625
50;0.00625
