metro;pie
1;3.28084
2;6.56168
3;9.84252
4;13.1234
5;16.4042
10;32.8084
15;49.2126
20;65.6168
25;82.021
30;98.4252
35;114.829
40;131.234
45;147.638
50;164.042
